{
  "version": 1,
  "savedAt": "2025-12-27T13:22:13.783Z",
  "mainTree": {
    "eastM": 2,
    "northM": -9,
    "scale": 4.599999999999991,
    "headingDeg": -60,
    "groundTrimM": -3.3000000000000016
  },
  "extraTrees": {
    "globals": {
      "eastM": -20,
      "northM": 28,
      "scale": 0.8499999999999999,
      "groundTrimM": -0.7999999999999999
    },
    "perTree": {
      "dz": {
        "0": -1.500000000000001,
        "1": -5.599999999999996,
        "2": 3.800000000000002,
        "3": -1.2,
        "4": -1.0999999999999999,
        "5": -1.0999999999999999,
        "6": -1.0999999999999999,
        "7": -1.0999999999999999,
        "8": -1.0999999999999999,
        "9": -1.0999999999999999,
        "10": -0.9999999999999999,
        "11": -0.9999999999999999,
        "13": -1.2,
        "14": -0.9999999999999999,
        "15": -0.9999999999999999,
        "16": -1.3,
        "17": -0.9999999999999999,
        "18": -1.3,
        "19": -1.8000000000000005,
        "20": -1.0999999999999999,
        "21": -1.3,
        "22": -1.0999999999999999,
        "23": -1.4000000000000001,
        "24": -1.0999999999999999,
        "25": -1.4000000000000001,
        "26": -1.0999999999999999,
        "27": -1.4000000000000001,
        "28": -1.4000000000000006,
        "29": 2.1,
        "30": 3.4000000000000012,
        "31": 4.300000000000001,
        "32": 3.9000000000000017,
        "33": 3.8000000000000016,
        "34": 3.4000000000000012,
        "35": 3.4000000000000012,
        "36": 3.900000000000002,
        "37": 3.5000000000000013,
        "38": 3.800000000000002,
        "39": 4.000000000000002,
        "40": 3.600000000000002,
        "41": 3.800000000000002,
        "42": -1.3,
        "43": 3.700000000000002,
        "44": 3.600000000000002,
        "45": 3.4000000000000017,
        "46": 4.000000000000002,
        "47": 4.300000000000001,
        "48": 4.200000000000001,
        "49": 3.8000000000000016,
        "50": 3.9000000000000017,
        "51": 4.000000000000002,
        "52": -1.600000000000001,
        "53": 8.899999999999984,
        "54": 10.09999999999998,
        "55": 10.499999999999979,
        "56": 4.799999999999999,
        "58": -0.9999999999999999,
        "59": -1.2,
        "60": -1.3,
        "61": -1.6000000000000003,
        "62": -1.0999999999999999,
        "63": -1.2,
        "64": -1.3,
        "65": -6.099999999999994,
        "66": -1.4000000000000001,
        "67": -1.8000000000000003,
        "68": -1.2,
        "69": -1.3,
        "70": -1.4000000000000001,
        "71": -1.2,
        "72": 3.1000000000000014,
        "73": -0.8999999999999999,
        "74": 2.800000000000001,
        "75": -1.3000000000000005,
        "76": 2.600000000000001,
        "77": 3.5000000000000018,
        "78": 4.6,
        "79": 4.4,
        "80": 6.299999999999994,
        "81": 5.999999999999995,
        "82": 6.699999999999992,
        "83": 6.999999999999991,
        "84": 9.499999999999982,
        "85": 4.4,
        "86": 3.800000000000002,
        "87": -1.5000000000000002,
        "88": -1.0999999999999999,
        "89": -1.0999999999999999,
        "90": -1.3,
        "91": -1.2,
        "92": -1.0999999999999999,
        "93": 3.8000000000000016,
        "94": 3.900000000000002,
        "95": 3.700000000000002,
        "96": 3.700000000000002,
        "97": 3.5000000000000018,
        "98": -1.3,
        "99": -1.2,
        "100": -1.3,
        "101": 3.700000000000002,
        "102": 4.100000000000001,
        "103": 4.100000000000001,
        "104": 3.5000000000000018,
        "105": 4.300000000000001,
        "106": 3.9000000000000017,
        "107": 3.100000000000001,
        "108": 4.000000000000002,
        "109": 4.100000000000001,
        "110": 4.000000000000002,
        "111": 3.8000000000000016,
        "112": 2.4000000000000004,
        "113": 10.19999999999998,
        "114": 5.1999999999999975,
        "115": -0.9999999999999999,
        "116": -1.4000000000000001,
        "117": -1.5000000000000002,
        "118": -1.4000000000000001,
        "119": -6.099999999999994,
        "120": -6.199999999999994,
        "121": -1.4000000000000001,
        "122": -6.299999999999994,
        "123": -6.799999999999992,
        "124": -2.1000000000000005,
        "125": -5.4999999999999964,
        "127": -1.0999999999999999,
        "128": -1.3,
        "129": 5.699999999999996,
        "130": 4.899999999999999,
        "131": 5.1999999999999975,
        "132": 4.5,
        "133": 4.999999999999998,
        "134": 4.4,
        "135": 4.000000000000002,
        "136": 4.300000000000001,
        "137": 3.7000000000000015,
        "138": 3.700000000000002,
        "139": -0.4,
        "140": 4.000000000000002,
        "141": 3.600000000000002,
        "142": 3.700000000000002,
        "143": 4.4,
        "144": 4.4,
        "145": 4.4,
        "146": 4.999999999999998,
        "147": -0.5000000000000007,
        "148": 4.999999999999998,
        "149": 5.599999999999996,
        "150": 6.8999999999999915,
        "151": 6.8999999999999915,
        "152": 8.499999999999986,
        "153": 8.299999999999986,
        "154": 7.599999999999989,
        "155": 10.09999999999998,
        "156": 10.09999999999998,
        "157": 6.499999999999993,
        "158": 3.3000000000000016,
        "159": -1.0999999999999999,
        "160": -0.5,
        "161": 4.300000000000001,
        "162": 3.2000000000000015,
        "163": 3.600000000000002,
        "164": 4.300000000000001,
        "165": -1.0999999999999999,
        "166": -1.0999999999999999,
        "167": -1.0999999999999999,
        "168": -1.0999999999999999,
        "169": -1.0999999999999999,
        "171": -0.1,
        "172": -1.3,
        "173": 6.199999999999994,
        "174": 5.699999999999996,
        "175": 4.000000000000002,
        "176": 3.900000000000002,
        "177": 4.699999999999999,
        "178": 7.599999999999989,
        "179": 8.999999999999984,
        "180": -1.9000000000000006,
        "181": -1.9000000000000006,
        "182": -1.4000000000000001,
        "183": -0.8999999999999999,
        "184": -1.0999999999999999,
        "185": -1.0999999999999999,
        "186": -1.0999999999999999,
        "187": -1.2,
        "188": -1.4000000000000001,
        "189": -1.2,
        "190": -1.3,
        "191": -1.0999999999999999,
        "192": -0.9999999999999999,
        "193": 3.700000000000002,
        "194": 3.600000000000002,
        "195": 3.600000000000002,
        "196": 3.600000000000002,
        "197": -1.2,
        "198": -1.0999999999999999,
        "199": 3.700000000000002
      },
      "scaleMult": {
        "0": 0.7499999999999998,
        "1": 0.5999999999999996,
        "2": 0.39999999999999963,
        "52": 0.5999999999999996,
        "53": 0.5499999999999996,
        "54": 0.7499999999999998,
        "55": 0.7499999999999998,
        "56": 0.7499999999999998,
        "57": 0.6999999999999997,
        "58": 0.6999999999999997,
        "59": 0.6499999999999997,
        "60": 0.6499999999999997,
        "61": 0.6499999999999997,
        "62": 0.6999999999999997,
        "63": 0.7499999999999998,
        "64": 0.6499999999999997,
        "65": 0.5999999999999996,
        "66": 0.6999999999999997,
        "67": 0.6999999999999997,
        "68": 0.6499999999999997,
        "69": 0.6999999999999997,
        "70": 0.6999999999999997,
        "71": 0.6999999999999997,
        "72": 0.34999999999999964,
        "73": 0.34999999999999964,
        "74": 0.4999999999999996,
        "75": 0.39999999999999963,
        "76": 0.5499999999999996,
        "77": 0.4499999999999996,
        "78": 0.4499999999999996,
        "79": 0.39999999999999963,
        "80": 0.34999999999999964,
        "81": 0.4999999999999996,
        "82": 0.4499999999999996,
        "83": 0.5499999999999996,
        "84": 0.5499999999999996,
        "85": 0.39999999999999963,
        "86": 0.4999999999999996,
        "113": 0.7499999999999998,